Date,Open,High,Low,Close,Adj Close,Volume,Open1,High1,Low1,Close1,Adj Close1,Volume1,Open2,High2,Low2,Close2,Adj Close2,Volume2,Open3,High3,Low3,Close3,Adj Close3,Volume3,Open4,High4,Low4,Close4,Adj Close4,Volume4,Predicted
4/26/2019,2.52,2.64,2.52,2.62,2.393271,190100,2.65,2.66,2.47,2.54,2.320194,190100,2.54,2.67,2.53,2.62,2.393271,196600,2.5,2.6,2.5,2.54,2.320194,215200,2.63,2.64,2.39,2.48,2.265386,455100,26.1
4/29/2019,2.61,2.75,2.58,2.62,2.393271,135500,2.52,2.64,2.52,2.62,2.393271,135500,2.65,2.66,2.47,2.54,2.320194,190100,2.54,2.67,2.53,2.62,2.393271,196600,2.5,2.6,2.5,2.54,2.320194,215200,26.4
4/30/2019,2.64,2.7,2.52,2.63,2.402406,193900,2.61,2.75,2.58,2.62,2.393271,193900,2.52,2.64,2.52,2.62,2.393271,135500,2.65,2.66,2.47,2.54,2.320194,190100,2.54,2.67,2.53,2.62,2.393271,196600,27.3
5/1/2019,2.73,2.8,2.34,2.38,2.17404,376400,2.64,2.7,2.52,2.63,2.402406,376400,2.61,2.75,2.58,2.62,2.393271,193900,2.52,2.64,2.52,2.62,2.393271,135500,2.65,2.66,2.47,2.54,2.320194,190100,23.2
5/2/2019,2.32,2.47,2.22,2.39,2.183175,716900,2.73,2.8,2.34,2.38,2.17404,716900,2.64,2.7,2.52,2.63,2.402406,376400,2.61,2.75,2.58,2.62,2.393271,193900,2.52,2.64,2.52,2.62,2.393271,135500,24.3
5/3/2019,2.43,2.44,2.25,2.39,2.183175,1872900,2.32,2.47,2.22,2.39,2.183175,1872900,2.73,2.8,2.34,2.38,2.17404,716900,2.64,2.7,2.52,2.63,2.402406,376400,2.61,2.75,2.58,2.62,2.393271,193900,23.6
5/6/2019,2.36,2.39,2.28,2.35,2.146636,514500,2.43,2.44,2.25,2.39,2.183175,514500,2.32,2.47,2.22,2.39,2.183175,1872900,2.73,2.8,2.34,2.38,2.17404,716900,2.64,2.7,2.52,2.63,2.402406,376400,23.4
5/7/2019,2.34,2.36,2.23,2.28,2.082694,216700,2.36,2.39,2.28,2.35,2.146636,216700,2.43,2.44,2.25,2.39,2.183175,514500,2.32,2.47,2.22,2.39,2.183175,1872900,2.73,2.8,2.34,2.38,2.17404,716900,23.1
5/8/2019,2.31,2.53,2.23,2.34,2.137501,345200,2.34,2.36,2.23,2.28,2.082694,345200,2.36,2.39,2.28,2.35,2.146636,216700,2.43,2.44,2.25,2.39,2.183175,514500,2.32,2.47,2.22,2.39,2.183175,1872900,23.2
5/9/2019,2.32,2.42,2.27,2.35,2.146636,404200,2.31,2.53,2.23,2.34,2.137501,404200,2.34,2.36,2.23,2.28,2.082694,345200,2.36,2.39,2.28,2.35,2.146636,216700,2.43,2.44,2.25,2.39,2.183175,514500,23.4
5/10/2019,2.34,2.39,2.3,2.37,2.164905,245800,2.32,2.42,2.27,2.35,2.146636,245800,2.31,2.53,2.23,2.34,2.137501,404200,2.34,2.36,2.23,2.28,2.082694,345200,2.36,2.39,2.28,2.35,2.146636,216700,23.3
5/13/2019,2.33,2.35,2.25,2.27,2.073559,159400,2.34,2.39,2.3,2.37,2.164905,159400,2.32,2.42,2.27,2.35,2.146636,245800,2.31,2.53,2.23,2.34,2.137501,404200,2.34,2.36,2.23,2.28,2.082694,345200,23
5/14/2019,2.3,3.03,2.27,2.77,2.53029,175900,2.33,2.35,2.25,2.27,2.073559,175900,2.34,2.39,2.3,2.37,2.164905,159400,2.32,2.42,2.27,2.35,2.146636,245800,2.31,2.53,2.23,2.34,2.137501,404200,28
5/15/2019,2.8,2.85,2.66,2.76,2.521156,1773800,2.3,3.03,2.27,2.77,2.53029,1773800,2.33,2.35,2.25,2.27,2.073559,175900,2.34,2.39,2.3,2.37,2.164905,159400,2.32,2.42,2.27,2.35,2.146636,245800,27.6
5/16/2019,2.76,2.76,2.51,2.55,2.329329,331600,2.8,2.85,2.66,2.76,2.521156,331600,2.3,3.03,2.27,2.77,2.53029,1773800,2.33,2.35,2.25,2.27,2.073559,175900,2.34,2.39,2.3,2.37,2.164905,159400,25.5
5/17/2019,2.55,2.66,2.47,2.49,2.274521,298200,2.76,2.76,2.51,2.55,2.329329,298200,2.8,2.85,2.66,2.76,2.521156,331600,2.3,3.03,2.27,2.77,2.53029,1773800,2.33,2.35,2.25,2.27,2.073559,175900,25
5/20/2019,2.5,2.69,2.46,2.66,2.429809,325400,2.55,2.66,2.47,2.49,2.274521,325400,2.76,2.76,2.51,2.55,2.329329,298200,2.8,2.85,2.66,2.76,2.521156,331600,2.3,3.03,2.27,2.77,2.53029,1773800,27.1
5/21/2019,2.71,2.71,2.6,2.64,2.41154,249300,2.5,2.69,2.46,2.66,2.429809,249300,2.55,2.66,2.47,2.49,2.274521,325400,2.76,2.76,2.51,2.55,2.329329,298200,2.8,2.85,2.66,2.76,2.521156,331600,26.4
5/22/2019,2.64,2.68,2.51,2.58,2.356732,262600,2.71,2.71,2.6,2.64,2.41154,262600,2.5,2.69,2.46,2.66,2.429809,249300,2.55,2.66,2.47,2.49,2.274521,325400,2.76,2.76,2.51,2.55,2.329329,298200,25.3
5/23/2019,2.53,2.59,2.32,2.36,2.155771,110800,2.64,2.68,2.51,2.58,2.356732,110800,2.71,2.71,2.6,2.64,2.41154,262600,2.5,2.69,2.46,2.66,2.429809,249300,2.55,2.66,2.47,2.49,2.274521,325400,23.7
5/24/2019,2.37,2.71,2.34,2.4,2.192309,315400,2.53,2.59,2.32,2.36,2.155771,315400,2.64,2.68,2.51,2.58,2.356732,110800,2.71,2.71,2.6,2.64,2.41154,262600,2.5,2.69,2.46,2.66,2.429809,249300,23.9
5/28/2019,2.39,2.52,2.35,2.37,2.164905,371000,2.37,2.71,2.34,2.4,2.192309,371000,2.53,2.59,2.32,2.36,2.155771,315400,2.64,2.68,2.51,2.58,2.356732,110800,2.71,2.71,2.6,2.64,2.41154,262600,23.7
5/29/2019,2.37,2.38,2.14,2.2,2.009617,330900,2.39,2.52,2.35,2.37,2.164905,330900,2.37,2.71,2.34,2.4,2.192309,371000,2.53,2.59,2.32,2.36,2.155771,315400,2.64,2.68,2.51,2.58,2.356732,110800,21.5
5/30/2019,2.15,2.19,2.06,2.07,1.93484,469000,2.37,2.38,2.14,2.2,2.009617,469000,2.39,2.52,2.35,2.37,2.164905,330900,2.37,2.71,2.34,2.4,2.192309,371000,2.53,2.59,2.32,2.36,2.155771,315400,20.3
5/31/2019,2.03,2.09,2,2,1.869411,362500,2.15,2.19,2.06,2.07,1.93484,362500,2.37,2.38,2.14,2.2,2.009617,469000,2.39,2.52,2.35,2.37,2.164905,330900,2.37,2.71,2.34,2.4,2.192309,371000,20.2
6/3/2019,2.02,2.19,2.01,2.06,1.925493,407200,2.03,2.09,2,2,1.869411,407200,2.15,2.19,2.06,2.07,1.93484,362500,2.37,2.38,2.14,2.2,2.009617,469000,2.39,2.52,2.35,2.37,2.164905,330900,20.9
6/4/2019,2.09,2.25,2.09,2.23,2.084393,282500,2.02,2.19,2.01,2.06,1.925493,282500,2.03,2.09,2,2,1.869411,407200,2.15,2.19,2.06,2.07,1.93484,362500,2.37,2.38,2.14,2.2,2.009617,469000,22.5
6/5/2019,2.25,2.25,2.02,2.03,1.897452,344700,2.09,2.25,2.09,2.23,2.084393,344700,2.02,2.19,2.01,2.06,1.925493,282500,2.03,2.09,2,2,1.869411,407200,2.15,2.19,2.06,2.07,1.93484,362500,20.3
6/6/2019,2.03,2.13,1.91,2.08,1.944187,427600,2.25,2.25,2.02,2.03,1.897452,427600,2.09,2.25,2.09,2.23,2.084393,344700,2.02,2.19,2.01,2.06,1.925493,282500,2.03,2.09,2,2,1.869411,407200,20.8
6/7/2019,2.08,2.12,2.01,2.07,1.93484,420600,2.03,2.13,1.91,2.08,1.944187,420600,2.25,2.25,2.02,2.03,1.897452,427600,2.09,2.25,2.09,2.23,2.084393,344700,2.02,2.19,2.01,2.06,1.925493,282500,20.7
6/10/2019,2.07,2.17,2.05,2.12,1.981575,142500,2.08,2.12,2.01,2.07,1.93484,142500,2.03,2.13,1.91,2.08,1.944187,420600,2.25,2.25,2.02,2.03,1.897452,427600,2.09,2.25,2.09,2.23,2.084393,344700,21.3
6/11/2019,2.13,2.15,2,2.14,2.00027,162100,2.07,2.17,2.05,2.12,1.981575,162100,2.08,2.12,2.01,2.07,1.93484,142500,2.03,2.13,1.91,2.08,1.944187,420600,2.25,2.25,2.02,2.03,1.897452,427600,21.4
6/12/2019,2.14,2.2,2.08,2.15,2.009617,176200,2.13,2.15,2,2.14,2.00027,176200,2.07,2.17,2.05,2.12,1.981575,162100,2.08,2.12,2.01,2.07,1.93484,142500,2.03,2.13,1.91,2.08,1.944187,420600,21.7
6/13/2019,2.17,2.19,2.09,2.13,1.990923,271300,2.14,2.2,2.08,2.15,2.009617,271300,2.13,2.15,2,2.14,2.00027,176200,2.07,2.17,2.05,2.12,1.981575,162100,2.08,2.12,2.01,2.07,1.93484,142500,21.6
6/14/2019,2.16,2.25,2.09,2.18,2.037658,196000,2.17,2.19,2.09,2.13,1.990923,196000,2.14,2.2,2.08,2.15,2.009617,271300,2.13,2.15,2,2.14,2.00027,176200,2.07,2.17,2.05,2.12,1.981575,162100,22
6/17/2019,2.2,2.21,2.12,2.2,2.056352,155600,2.16,2.25,2.09,2.18,2.037658,155600,2.17,2.19,2.09,2.13,1.990923,196000,2.14,2.2,2.08,2.15,2.009617,271300,2.13,2.15,2,2.14,2.00027,176200,22.1
6/18/2019,2.21,2.36,2.19,2.28,2.131129,254600,2.2,2.21,2.12,2.2,2.056352,254600,2.16,2.25,2.09,2.18,2.037658,155600,2.17,2.19,2.09,2.13,1.990923,196000,2.14,2.2,2.08,2.15,2.009617,271300,22.8
6/19/2019,2.28,2.35,2.21,2.22,2.075046,283100,2.21,2.36,2.19,2.28,2.131129,283100,2.2,2.21,2.12,2.2,2.056352,254600,2.16,2.25,2.09,2.18,2.037658,155600,2.17,2.19,2.09,2.13,1.990923,196000,22.7
6/20/2019,2.27,2.27,2.17,2.2,2.056352,453100,2.28,2.35,2.21,2.22,2.075046,453100,2.21,2.36,2.19,2.28,2.131129,283100,2.2,2.21,2.12,2.2,2.056352,254600,2.16,2.25,2.09,2.18,2.037658,155600,21.8
6/21/2019,2.18,2.24,2.05,2.08,1.944187,403000,2.27,2.27,2.17,2.2,2.056352,403000,2.28,2.35,2.21,2.22,2.075046,453100,2.21,2.36,2.19,2.28,2.131129,283100,2.2,2.21,2.12,2.2,2.056352,254600,20.7
6/24/2019,2.07,2.14,1.95,2.03,1.897452,898900,2.18,2.24,2.05,2.08,1.944187,898900,2.27,2.27,2.17,2.2,2.056352,403000,2.28,2.35,2.21,2.22,2.075046,453100,2.21,2.36,2.19,2.28,2.131129,283100,20.6
6/25/2019,2.06,2.08,1.98,2.01,1.878758,756100,2.07,2.14,1.95,2.03,1.897452,756100,2.18,2.24,2.05,2.08,1.944187,898900,2.27,2.27,2.17,2.2,2.056352,403000,2.28,2.35,2.21,2.22,2.075046,453100,20.4
6/26/2019,2.04,2.07,1.95,1.95,1.822676,305000,2.06,2.08,1.98,2.01,1.878758,305000,2.07,2.14,1.95,2.03,1.897452,756100,2.18,2.24,2.05,2.08,1.944187,898900,2.27,2.27,2.17,2.2,2.056352,403000,19.8
6/27/2019,1.98,2,1.93,1.93,1.803981,460300,2.04,2.07,1.95,1.95,1.822676,460300,2.06,2.08,1.98,2.01,1.878758,305000,2.07,2.14,1.95,2.03,1.897452,756100,2.18,2.24,2.05,2.08,1.944187,898900,19.5
6/28/2019,1.95,2,1.93,1.95,1.822676,515500,1.98,2,1.93,1.93,1.803981,515500,2.04,2.07,1.95,1.95,1.822676,460300,2.06,2.08,1.98,2.01,1.878758,305000,2.07,2.14,1.95,2.03,1.897452,756100,19.7
7/1/2019,1.97,2.04,1.94,1.94,1.813329,2598500,1.95,2,1.93,1.95,1.822676,2598500,1.98,2,1.93,1.93,1.803981,515500,2.04,2.07,1.95,1.95,1.822676,460300,2.06,2.08,1.98,2.01,1.878758,305000,19.4
7/2/2019,1.94,1.97,1.9,1.91,1.785287,325500,1.97,2.04,1.94,1.94,1.813329,325500,1.95,2,1.93,1.95,1.822676,2598500,1.98,2,1.93,1.93,1.803981,515500,2.04,2.07,1.95,1.95,1.822676,460300,19.2
7/3/2019,1.92,2.01,1.92,2.01,1.878758,295100,1.94,1.97,1.9,1.91,1.785287,295100,1.97,2.04,1.94,1.94,1.813329,325500,1.95,2,1.93,1.95,1.822676,2598500,1.98,2,1.93,1.93,1.803981,515500,19.8
7/5/2019,1.98,2.03,1.96,1.99,1.860064,99700,1.92,2.01,1.92,2.01,1.878758,99700,1.94,1.97,1.9,1.91,1.785287,295100,1.97,2.04,1.94,1.94,1.813329,325500,1.95,2,1.93,1.95,1.822676,2598500,19.8
7/8/2019,1.98,2.05,1.98,2.02,1.888105,169000,1.98,2.03,1.96,1.99,1.860064,169000,1.92,2.01,1.92,2.01,1.878758,99700,1.94,1.97,1.9,1.91,1.785287,295100,1.97,2.04,1.94,1.94,1.813329,325500,20
7/9/2019,2,2.03,1.98,1.99,1.860064,133900,1.98,2.05,1.98,2.02,1.888105,133900,1.98,2.03,1.96,1.99,1.860064,169000,1.92,2.01,1.92,2.01,1.878758,99700,1.94,1.97,1.9,1.91,1.785287,295100,20.3
7/10/2019,2.03,2.03,1.93,1.94,1.813329,186200,2,2.03,1.98,1.99,1.860064,186200,1.98,2.05,1.98,2.02,1.888105,133900,1.98,2.03,1.96,1.99,1.860064,169000,1.92,2.01,1.92,2.01,1.878758,99700,19.4
7/11/2019,1.94,1.99,1.93,1.95,1.822676,202000,2.03,2.03,1.93,1.94,1.813329,202000,2,2.03,1.98,1.99,1.860064,186200,1.98,2.05,1.98,2.02,1.888105,133900,1.98,2.03,1.96,1.99,1.860064,169000,19.7
7/12/2019,1.97,2,1.96,1.97,1.84137,229500,1.94,1.99,1.93,1.95,1.822676,229500,2.03,2.03,1.93,1.94,1.813329,202000,2,2.03,1.98,1.99,1.860064,186200,1.98,2.05,1.98,2.02,1.888105,133900,20
7/15/2019,2,2.01,1.93,1.96,1.832023,147900,1.97,2,1.96,1.97,1.84137,147900,1.94,1.99,1.93,1.95,1.822676,229500,2.03,2.03,1.93,1.94,1.813329,202000,2,2.03,1.98,1.99,1.860064,186200,19.5
7/16/2019,1.95,1.96,1.92,1.93,1.803981,161600,2,2.01,1.93,1.96,1.832023,161600,1.97,2,1.96,1.97,1.84137,147900,1.94,1.99,1.93,1.95,1.822676,229500,2.03,2.03,1.93,1.94,1.813329,202000,19.3
7/17/2019,1.93,1.96,1.83,1.85,1.729205,125700,1.95,1.96,1.92,1.93,1.803981,125700,2,2.01,1.93,1.96,1.832023,161600,1.97,2,1.96,1.97,1.84137,147900,1.94,1.99,1.93,1.95,1.822676,229500,18.6
7/18/2019,1.86,1.87,1.78,1.85,1.729205,408500,1.93,1.96,1.83,1.85,1.729205,408500,1.95,1.96,1.92,1.93,1.803981,125700,2,2.01,1.93,1.96,1.832023,161600,1.97,2,1.96,1.97,1.84137,147900,18.5
7/19/2019,1.85,1.91,1.82,1.89,1.766593,302400,1.86,1.87,1.78,1.85,1.729205,302400,1.93,1.96,1.83,1.85,1.729205,408500,1.95,1.96,1.92,1.93,1.803981,125700,2,2.01,1.93,1.96,1.832023,161600,18.8
7/22/2019,1.88,1.95,1.87,1.87,1.747899,126800,1.85,1.91,1.82,1.89,1.766593,126800,1.86,1.87,1.78,1.85,1.729205,302400,1.93,1.96,1.83,1.85,1.729205,408500,1.95,1.96,1.92,1.93,1.803981,125700,18.9
7/23/2019,1.89,1.95,1.86,1.87,1.747899,221400,1.88,1.95,1.87,1.87,1.747899,221400,1.85,1.91,1.82,1.89,1.766593,126800,1.86,1.87,1.78,1.85,1.729205,302400,1.93,1.96,1.83,1.85,1.729205,408500,18.8
7/24/2019,1.88,1.92,1.82,1.85,1.729205,250200,1.89,1.95,1.86,1.87,1.747899,250200,1.88,1.95,1.87,1.87,1.747899,221400,1.85,1.91,1.82,1.89,1.766593,126800,1.86,1.87,1.78,1.85,1.729205,302400,18.6
7/25/2019,1.86,1.87,1.71,1.72,1.607693,155600,1.88,1.92,1.82,1.85,1.729205,155600,1.89,1.95,1.86,1.87,1.747899,250200,1.88,1.95,1.87,1.87,1.747899,221400,1.85,1.91,1.82,1.89,1.766593,126800,17.5
7/26/2019,1.75,1.75,1.65,1.68,1.570305,409000,1.86,1.87,1.71,1.72,1.607693,409000,1.88,1.92,1.82,1.85,1.729205,155600,1.89,1.95,1.86,1.87,1.747899,250200,1.88,1.95,1.87,1.87,1.747899,221400,16.9
7/29/2019,1.69,1.71,1.57,1.64,1.532917,272100,1.75,1.75,1.65,1.68,1.570305,272100,1.86,1.87,1.71,1.72,1.607693,409000,1.88,1.92,1.82,1.85,1.729205,155600,1.89,1.95,1.86,1.87,1.747899,250200,16.6
7/30/2019,1.66,1.69,1.6,1.65,1.542264,371300,1.69,1.71,1.57,1.64,1.532917,371300,1.75,1.75,1.65,1.68,1.570305,272100,1.86,1.87,1.71,1.72,1.607693,409000,1.88,1.92,1.82,1.85,1.729205,155600,19.2
7/31/2019,1.92,2.49,1.77,2.13,1.990923,279900,1.66,1.69,1.6,1.65,1.542264,279900,1.69,1.71,1.57,1.64,1.532917,371300,1.75,1.75,1.65,1.68,1.570305,272100,1.86,1.87,1.71,1.72,1.607693,409000,21.2
8/1/2019,2.12,2.16,1.96,2.09,1.953534,3243100,1.92,2.49,1.77,2.13,1.990923,3243100,1.66,1.69,1.6,1.65,1.542264,279900,1.69,1.71,1.57,1.64,1.532917,371300,1.75,1.75,1.65,1.68,1.570305,272100,20.7
8/2/2019,2.07,2.36,2.07,2.28,2.131129,631100,2.12,2.16,1.96,2.09,1.953534,631100,1.92,2.49,1.77,2.13,1.990923,3243100,1.66,1.69,1.6,1.65,1.542264,279900,1.69,1.71,1.57,1.64,1.532917,371300,22.1
8/5/2019,2.21,2.23,2.06,2.07,1.93484,341600,2.07,2.36,2.07,2.28,2.131129,341600,2.12,2.16,1.96,2.09,1.953534,631100,1.92,2.49,1.77,2.13,1.990923,3243100,1.66,1.69,1.6,1.65,1.542264,279900,21.2
8/6/2019,2.12,2.18,1.98,2.02,1.888105,296600,2.21,2.23,2.06,2.07,1.93484,296600,2.07,2.36,2.07,2.28,2.131129,341600,2.12,2.16,1.96,2.09,1.953534,631100,1.92,2.49,1.77,2.13,1.990923,3243100,19.9
8/7/2019,1.99,2.06,1.91,2.03,1.897452,226800,2.12,2.18,1.98,2.02,1.888105,226800,2.21,2.23,2.06,2.07,1.93484,296600,2.07,2.36,2.07,2.28,2.131129,341600,2.12,2.16,1.96,2.09,1.953534,631100,19.7
8/8/2019,1.97,2.06,1.97,1.98,1.850717,253700,1.99,2.06,1.91,2.03,1.897452,253700,2.12,2.18,1.98,2.02,1.888105,226800,2.21,2.23,2.06,2.07,1.93484,296600,2.07,2.36,2.07,2.28,2.131129,341600,19.9
8/9/2019,1.99,2.01,1.95,1.98,1.850717,168200,1.97,2.06,1.97,1.98,1.850717,168200,1.99,2.06,1.91,2.03,1.897452,253700,2.12,2.18,1.98,2.02,1.888105,226800,2.21,2.23,2.06,2.07,1.93484,296600,19.9
8/12/2019,1.99,2.01,1.89,1.91,1.785287,113800,1.99,2.01,1.95,1.98,1.850717,113800,1.97,2.06,1.97,1.98,1.850717,168200,1.99,2.06,1.91,2.03,1.897452,253700,2.12,2.18,1.98,2.02,1.888105,226800,19.2
8/13/2019,1.92,1.99,1.88,1.91,1.785287,175700,1.99,2.01,1.89,1.91,1.785287,175700,1.99,2.01,1.95,1.98,1.850717,113800,1.97,2.06,1.97,1.98,1.850717,168200,1.99,2.06,1.91,2.03,1.897452,253700,18.8
8/14/2019,1.88,1.95,1.76,1.8,1.68247,90100,1.92,1.99,1.88,1.91,1.785287,90100,1.99,2.01,1.89,1.91,1.785287,175700,1.99,2.01,1.95,1.98,1.850717,113800,1.97,2.06,1.97,1.98,1.850717,168200,18.1
8/15/2019,1.81,1.86,1.7,1.7,1.588999,254300,1.88,1.95,1.76,1.8,1.68247,254300,1.92,1.99,1.88,1.91,1.785287,90100,1.99,2.01,1.89,1.91,1.785287,175700,1.99,2.01,1.95,1.98,1.850717,113800,17.6
8/16/2019,1.76,1.8,1.73,1.77,1.654428,210000,1.81,1.86,1.7,1.7,1.588999,210000,1.88,1.95,1.76,1.8,1.68247,254300,1.92,1.99,1.88,1.91,1.785287,90100,1.99,2.01,1.89,1.91,1.785287,175700,18.1
8/19/2019,1.81,1.88,1.77,1.84,1.719858,67500,1.76,1.8,1.73,1.77,1.654428,67500,1.81,1.86,1.7,1.7,1.588999,210000,1.88,1.95,1.76,1.8,1.68247,254300,1.92,1.99,1.88,1.91,1.785287,90100,18.3
8/20/2019,1.83,1.86,1.8,1.82,1.701164,128700,1.81,1.88,1.77,1.84,1.719858,128700,1.76,1.8,1.73,1.77,1.654428,67500,1.81,1.86,1.7,1.7,1.588999,210000,1.88,1.95,1.76,1.8,1.68247,254300,18.5
8/21/2019,1.85,1.95,1.84,1.91,1.785287,29300,1.83,1.86,1.8,1.82,1.701164,29300,1.81,1.88,1.77,1.84,1.719858,128700,1.76,1.8,1.73,1.77,1.654428,67500,1.81,1.86,1.7,1.7,1.588999,210000,19.5
8/22/2019,1.95,2.04,1.94,1.97,1.84137,109300,1.85,1.95,1.84,1.91,1.785287,109300,1.83,1.86,1.8,1.82,1.701164,29300,1.81,1.88,1.77,1.84,1.719858,128700,1.76,1.8,1.73,1.77,1.654428,67500,19.8
8/23/2019,1.98,1.98,1.9,1.95,1.822676,219400,1.95,2.04,1.94,1.97,1.84137,219400,1.85,1.95,1.84,1.91,1.785287,109300,1.83,1.86,1.8,1.82,1.701164,29300,1.81,1.88,1.77,1.84,1.719858,128700,19.8
8/26/2019,1.98,2.02,1.96,1.96,1.832023,157300,1.98,1.98,1.9,1.95,1.822676,157300,1.95,2.04,1.94,1.97,1.84137,219400,1.85,1.95,1.84,1.91,1.785287,109300,1.83,1.86,1.8,1.82,1.701164,29300,19.6
8/27/2019,1.96,2.18,1.96,2.07,1.93484,115700,1.98,2.02,1.96,1.96,1.832023,115700,1.98,1.98,1.9,1.95,1.822676,157300,1.95,2.04,1.94,1.97,1.84137,219400,1.85,1.95,1.84,1.91,1.785287,109300,20.7
8/28/2019,2.07,2.07,1.79,1.87,1.747899,687800,1.96,2.18,1.96,2.07,1.93484,687800,1.98,2.02,1.96,1.96,1.832023,115700,1.98,1.98,1.9,1.95,1.822676,157300,1.95,2.04,1.94,1.97,1.84137,219400,18.9
8/29/2019,1.89,1.92,1.85,1.87,1.795918,652300,2.07,2.07,1.79,1.87,1.747899,652300,1.96,2.18,1.96,2.07,1.93484,687800,1.98,2.02,1.96,1.96,1.832023,115700,1.98,1.98,1.9,1.95,1.822676,157300,18.9
8/30/2019,1.89,1.89,1.76,1.79,1.719088,158900,1.89,1.92,1.85,1.87,1.795918,158900,2.07,2.07,1.79,1.87,1.747899,652300,1.96,2.18,1.96,2.07,1.93484,687800,1.98,2.02,1.96,1.96,1.832023,115700,17.9
9/3/2019,1.79,1.81,1.68,1.7,1.632653,233200,1.89,1.89,1.76,1.79,1.719088,233200,1.89,1.92,1.85,1.87,1.795918,158900,2.07,2.07,1.79,1.87,1.747899,652300,1.96,2.18,1.96,2.07,1.93484,687800,17.3
9/4/2019,1.73,1.74,1.69,1.71,1.642257,266000,1.79,1.81,1.68,1.7,1.632653,266000,1.89,1.89,1.76,1.79,1.719088,233200,1.89,1.92,1.85,1.87,1.795918,158900,2.07,2.07,1.79,1.87,1.747899,652300,17.3
9/5/2019,1.73,1.84,1.73,1.79,1.719088,80700,1.73,1.74,1.69,1.71,1.642257,80700,1.79,1.81,1.68,1.7,1.632653,266000,1.89,1.89,1.76,1.79,1.719088,233200,1.89,1.92,1.85,1.87,1.795918,158900,18.1
9/6/2019,1.81,1.89,1.76,1.86,1.786314,133200,1.73,1.84,1.73,1.79,1.719088,133200,1.73,1.74,1.69,1.71,1.642257,80700,1.79,1.81,1.68,1.7,1.632653,266000,1.89,1.89,1.76,1.79,1.719088,233200,18.5
9/9/2019,1.85,2.26,1.83,2.24,2.15126,243500,1.81,1.89,1.76,1.86,1.786314,243500,1.73,1.84,1.73,1.79,1.719088,133200,1.73,1.74,1.69,1.71,1.642257,80700,1.79,1.81,1.68,1.7,1.632653,266000,22.5
9/10/2019,2.25,2.45,2.15,2.3,2.208884,667500,1.85,2.26,1.83,2.24,2.15126,667500,1.81,1.89,1.76,1.86,1.786314,243500,1.73,1.84,1.73,1.79,1.719088,133200,1.73,1.74,1.69,1.71,1.642257,80700,23
9/11/2019,2.3,2.46,2.23,2.46,2.362545,563900,2.25,2.45,2.15,2.3,2.208884,563900,1.85,2.26,1.83,2.24,2.15126,667500,1.81,1.89,1.76,1.86,1.786314,243500,1.73,1.84,1.73,1.79,1.719088,133200,24.8
9/12/2019,2.48,2.48,2.25,2.26,2.170468,415800,2.3,2.46,2.23,2.46,2.362545,415800,2.25,2.45,2.15,2.3,2.208884,563900,1.85,2.26,1.83,2.24,2.15126,667500,1.81,1.89,1.76,1.86,1.786314,243500,23
9/13/2019,2.3,2.33,2.17,2.18,2.093637,303400,2.48,2.48,2.25,2.26,2.170468,303400,2.3,2.46,2.23,2.46,2.362545,415800,2.25,2.45,2.15,2.3,2.208884,563900,1.85,2.26,1.83,2.24,2.15126,667500,21.8
9/16/2019,2.18,2.31,2.13,2.13,2.045618,131200,2.3,2.33,2.17,2.18,2.093637,131200,2.48,2.48,2.25,2.26,2.170468,303400,2.3,2.46,2.23,2.46,2.362545,415800,2.25,2.45,2.15,2.3,2.208884,563900,20.6
9/17/2019,2.06,2.1,2.03,2.04,1.959184,119100,2.18,2.31,2.13,2.13,2.045618,119100,2.3,2.33,2.17,2.18,2.093637,131200,2.48,2.48,2.25,2.26,2.170468,303400,2.3,2.46,2.23,2.46,2.362545,415800,20.2
9/18/2019,2.02,2.11,1.94,1.94,1.863145,115600,2.06,2.1,2.03,2.04,1.959184,115600,2.18,2.31,2.13,2.13,2.045618,119100,2.3,2.33,2.17,2.18,2.093637,131200,2.48,2.48,2.25,2.26,2.170468,303400,19.2
9/19/2019,1.92,2,1.92,1.95,1.872749,164100,2.02,2.11,1.94,1.94,1.863145,164100,2.06,2.1,2.03,2.04,1.959184,115600,2.18,2.31,2.13,2.13,2.045618,119100,2.3,2.33,2.17,2.18,2.093637,131200,19.5
9/20/2019,1.95,2.26,1.95,2.2,2.112845,140600,1.92,2,1.92,1.95,1.872749,140600,2.02,2.11,1.94,1.94,1.863145,164100,2.06,2.1,2.03,2.04,1.959184,115600,2.18,2.31,2.13,2.13,2.045618,119100,21.6
9/23/2019,2.16,2.33,2.12,2.32,2.228091,772900,1.95,2.26,1.95,2.2,2.112845,772900,1.92,2,1.92,1.95,1.872749,140600,2.02,2.11,1.94,1.94,1.863145,164100,2.06,2.1,2.03,2.04,1.959184,115600,23.2
9/24/2019,2.32,2.34,2.23,2.31,2.218488,231700,2.16,2.33,2.12,2.32,2.228091,231700,1.95,2.26,1.95,2.2,2.112845,772900,1.92,2,1.92,1.95,1.872749,140600,2.02,2.11,1.94,1.94,1.863145,164100,22.8
9/25/2019,2.28,2.35,2.24,2.31,2.218488,174700,2.32,2.34,2.23,2.31,2.218488,174700,2.16,2.33,2.12,2.32,2.228091,231700,1.95,2.26,1.95,2.2,2.112845,772900,1.92,2,1.92,1.95,1.872749,140600,23.1
9/26/2019,2.31,2.33,2.2,2.31,2.218488,127600,2.28,2.35,2.24,2.31,2.218488,127600,2.32,2.34,2.23,2.31,2.218488,174700,2.16,2.33,2.12,2.32,2.228091,231700,1.95,2.26,1.95,2.2,2.112845,772900,23
9/27/2019,2.3,2.55,2.25,2.3,2.208884,119300,2.31,2.33,2.2,2.31,2.218488,119300,2.28,2.35,2.24,2.31,2.218488,127600,2.32,2.34,2.23,2.31,2.218488,174700,2.16,2.33,2.12,2.32,2.228091,231700,23
9/30/2019,2.3,2.35,2.07,2.08,1.997599,380600,2.3,2.55,2.25,2.3,2.208884,380600,2.31,2.33,2.2,2.31,2.218488,119300,2.28,2.35,2.24,2.31,2.218488,127600,2.32,2.34,2.23,2.31,2.218488,174700,21.2
10/1/2019,2.12,2.22,2.09,2.17,2.084034,122700,2.3,2.35,2.07,2.08,1.997599,122700,2.3,2.55,2.25,2.3,2.208884,380600,2.31,2.33,2.2,2.31,2.218488,119300,2.28,2.35,2.24,2.31,2.218488,127600,21.6
10/2/2019,2.16,2.16,2.08,2.1,2.016807,117700,2.12,2.22,2.09,2.17,2.084034,117700,2.3,2.35,2.07,2.08,1.997599,122700,2.3,2.55,2.25,2.3,2.208884,380600,2.31,2.33,2.2,2.31,2.218488,119300,20.9
10/3/2019,2.09,2.11,2.05,2.06,1.978391,71300,2.16,2.16,2.08,2.1,2.016807,71300,2.12,2.22,2.09,2.17,2.084034,117700,2.3,2.35,2.07,2.08,1.997599,122700,2.3,2.55,2.25,2.3,2.208884,380600,20.8
10/4/2019,2.08,2.18,2.06,2.14,2.055222,127000,2.09,2.11,2.05,2.06,1.978391,127000,2.16,2.16,2.08,2.1,2.016807,71300,2.12,2.22,2.09,2.17,2.084034,117700,2.3,2.35,2.07,2.08,1.997599,122700,21.4
10/7/2019,2.14,2.18,2.11,2.12,2.036014,99600,2.08,2.18,2.06,2.14,2.055222,99600,2.09,2.11,2.05,2.06,1.978391,127000,2.16,2.16,2.08,2.1,2.016807,71300,2.12,2.22,2.09,2.17,2.084034,117700,20.8
10/8/2019,2.08,2.2,2.04,2.18,2.093637,62400,2.14,2.18,2.11,2.12,2.036014,62400,2.08,2.18,2.06,2.14,2.055222,99600,2.09,2.11,2.05,2.06,1.978391,127000,2.16,2.16,2.08,2.1,2.016807,71300,22
10/9/2019,2.2,2.39,2.17,2.35,2.256903,102900,2.08,2.2,2.04,2.18,2.093637,102900,2.14,2.18,2.11,2.12,2.036014,62400,2.08,2.18,2.06,2.14,2.055222,99600,2.09,2.11,2.05,2.06,1.978391,127000,23.5
10/10/2019,2.35,2.48,2.35,2.38,2.285714,165200,2.2,2.39,2.17,2.35,2.256903,165200,2.08,2.2,2.04,2.18,2.093637,102900,2.14,2.18,2.11,2.12,2.036014,62400,2.08,2.18,2.06,2.14,2.055222,99600,23.7
10/11/2019,2.37,2.5,2.36,2.39,2.295318,230200,2.35,2.48,2.35,2.38,2.285714,230200,2.2,2.39,2.17,2.35,2.256903,165200,2.08,2.2,2.04,2.18,2.093637,102900,2.14,2.18,2.11,2.12,2.036014,62400,24
10/14/2019,2.4,2.48,2.3,2.45,2.352941,168700,2.37,2.5,2.36,2.39,2.295318,168700,2.35,2.48,2.35,2.38,2.285714,230200,2.2,2.39,2.17,2.35,2.256903,165200,2.08,2.2,2.04,2.18,2.093637,102900,25
10/15/2019,2.5,2.57,2.38,2.39,2.295318,82100,2.4,2.48,2.3,2.45,2.352941,82100,2.37,2.5,2.36,2.39,2.295318,168700,2.35,2.48,2.35,2.38,2.285714,230200,2.2,2.39,2.17,2.35,2.256903,165200,23.9
10/16/2019,2.39,2.66,2.38,2.57,2.468187,166000,2.5,2.57,2.38,2.39,2.295318,166000,2.4,2.48,2.3,2.45,2.352941,82100,2.37,2.5,2.36,2.39,2.295318,168700,2.35,2.48,2.35,2.38,2.285714,230200,25.7
10/17/2019,2.57,2.64,2.45,2.54,2.439376,347000,2.39,2.66,2.38,2.57,2.468187,347000,2.5,2.57,2.38,2.39,2.295318,166000,2.4,2.48,2.3,2.45,2.352941,82100,2.37,2.5,2.36,2.39,2.295318,168700,25.3
10/18/2019,2.53,2.59,2.5,2.57,2.468187,208300,2.57,2.64,2.45,2.54,2.439376,208300,2.39,2.66,2.38,2.57,2.468187,347000,2.5,2.57,2.38,2.39,2.295318,166000,2.4,2.48,2.3,2.45,2.352941,82100,26.1
10/21/2019,2.61,2.61,2.47,2.48,2.381753,85800,2.53,2.59,2.5,2.57,2.468187,85800,2.57,2.64,2.45,2.54,2.439376,208300,2.39,2.66,2.38,2.57,2.468187,347000,2.5,2.57,2.38,2.39,2.295318,166000,25.1
10/22/2019,2.51,2.57,2.4,2.42,2.32413,213000,2.61,2.61,2.47,2.48,2.381753,213000,2.53,2.59,2.5,2.57,2.468187,85800,2.57,2.64,2.45,2.54,2.439376,208300,2.39,2.66,2.38,2.57,2.468187,347000,24.1
10/23/2019,2.41,2.62,2.41,2.53,2.429772,163500,2.51,2.57,2.4,2.42,2.32413,163500,2.61,2.61,2.47,2.48,2.381753,213000,2.53,2.59,2.5,2.57,2.468187,85800,2.57,2.64,2.45,2.54,2.439376,208300,25.3
10/24/2019,2.53,2.57,2.45,2.57,2.468187,236800,2.41,2.62,2.41,2.53,2.429772,236800,2.51,2.57,2.4,2.42,2.32413,163500,2.61,2.61,2.47,2.48,2.381753,213000,2.53,2.59,2.5,2.57,2.468187,85800,25.5
10/25/2019,2.55,2.57,2.47,2.53,2.429772,101500,2.53,2.57,2.45,2.57,2.468187,101500,2.41,2.62,2.41,2.53,2.429772,236800,2.51,2.57,2.4,2.42,2.32413,163500,2.61,2.61,2.47,2.48,2.381753,213000,25.6
10/28/2019,2.56,2.6,2.47,2.6,2.496999,106500,2.55,2.57,2.47,2.53,2.429772,106500,2.53,2.57,2.45,2.57,2.468187,101500,2.41,2.62,2.41,2.53,2.429772,236800,2.51,2.57,2.4,2.42,2.32413,163500,25.9
10/29/2019,2.59,2.59,2.4,2.41,2.314526,161200,2.56,2.6,2.47,2.6,2.496999,161200,2.55,2.57,2.47,2.53,2.429772,106500,2.53,2.57,2.45,2.57,2.468187,101500,2.41,2.62,2.41,2.53,2.429772,236800,31.8
10/30/2019,3.18,3.95,2.87,3.49,3.351741,247300,2.59,2.59,2.4,2.41,2.314526,247300,2.56,2.6,2.47,2.6,2.496999,161200,2.55,2.57,2.47,2.53,2.429772,106500,2.53,2.57,2.45,2.57,2.468187,101500,34.5
10/31/2019,3.45,3.49,3.14,3.2,3.07323,6008300,3.18,3.95,2.87,3.49,3.351741,6008300,2.59,2.59,2.4,2.41,2.314526,247300,2.56,2.6,2.47,2.6,2.496999,161200,2.55,2.57,2.47,2.53,2.429772,106500,32.1
11/1/2019,3.21,3.27,3.07,3.12,2.996398,722300,3.45,3.49,3.14,3.2,3.07323,722300,3.18,3.95,2.87,3.49,3.351741,6008300,2.59,2.59,2.4,2.41,2.314526,247300,2.56,2.6,2.47,2.6,2.496999,161200,31.5
11/4/2019,3.15,3.36,3.13,3.23,3.102041,327400,3.21,3.27,3.07,3.12,2.996398,327400,3.45,3.49,3.14,3.2,3.07323,722300,3.18,3.95,2.87,3.49,3.351741,6008300,2.59,2.59,2.4,2.41,2.314526,247300,32.9
11/5/2019,3.29,3.49,3.23,3.31,3.178872,394600,3.15,3.36,3.13,3.23,3.102041,394600,3.21,3.27,3.07,3.12,2.996398,327400,3.45,3.49,3.14,3.2,3.07323,722300,3.18,3.95,2.87,3.49,3.351741,6008300,33.1
11/6/2019,3.31,3.41,3.26,3.29,3.159664,282300,3.29,3.49,3.23,3.31,3.178872,282300,3.15,3.36,3.13,3.23,3.102041,394600,3.21,3.27,3.07,3.12,2.996398,327400,3.45,3.49,3.14,3.2,3.07323,722300,33.2
11/7/2019,3.32,3.38,3.21,3.28,3.15006,216900,3.31,3.41,3.26,3.29,3.159664,216900,3.29,3.49,3.23,3.31,3.178872,282300,3.15,3.36,3.13,3.23,3.102041,394600,3.21,3.27,3.07,3.12,2.996398,327400,32.7
11/8/2019,3.27,3.27,3.13,3.16,3.034814,174300,3.32,3.38,3.21,3.28,3.15006,174300,3.31,3.41,3.26,3.29,3.159664,216900,3.29,3.49,3.23,3.31,3.178872,282300,3.15,3.36,3.13,3.23,3.102041,394600,32
11/11/2019,3.2,3.27,3.15,3.19,3.063626,153900,3.27,3.27,3.13,3.16,3.034814,153900,3.32,3.38,3.21,3.28,3.15006,174300,3.31,3.41,3.26,3.29,3.159664,216900,3.29,3.49,3.23,3.31,3.178872,282300,31.8
11/12/2019,3.18,3.21,2.93,2.97,2.852341,227900,3.2,3.27,3.15,3.19,3.063626,227900,3.27,3.27,3.13,3.16,3.034814,153900,3.32,3.38,3.21,3.28,3.15006,174300,3.31,3.41,3.26,3.29,3.159664,216900,29.1
11/13/2019,2.91,2.93,2.83,2.84,2.727491,550700,3.18,3.21,2.93,2.97,2.852341,550700,3.2,3.27,3.15,3.19,3.063626,227900,3.27,3.27,3.13,3.16,3.034814,153900,3.32,3.38,3.21,3.28,3.15006,174300,28.1
11/14/2019,2.81,2.9,2.8,2.86,2.746699,216800,2.91,2.93,2.83,2.84,2.727491,216800,3.18,3.21,2.93,2.97,2.852341,550700,3.2,3.27,3.15,3.19,3.063626,227900,3.27,3.27,3.13,3.16,3.034814,153900,28.7
11/15/2019,2.87,2.88,2.79,2.83,2.717887,151900,2.81,2.9,2.8,2.86,2.746699,151900,2.91,2.93,2.83,2.84,2.727491,216800,3.18,3.21,2.93,2.97,2.852341,550700,3.2,3.27,3.15,3.19,3.063626,227900,28.2
11/18/2019,2.82,2.88,2.71,2.73,2.621849,152300,2.87,2.88,2.79,2.83,2.717887,152300,2.81,2.9,2.8,2.86,2.746699,151900,2.91,2.93,2.83,2.84,2.727491,216800,3.18,3.21,2.93,2.97,2.852341,550700,27.1
11/19/2019,2.71,2.74,2.58,2.7,2.593037,159600,2.82,2.88,2.71,2.73,2.621849,159600,2.87,2.88,2.79,2.83,2.717887,152300,2.81,2.9,2.8,2.86,2.746699,151900,2.91,2.93,2.83,2.84,2.727491,216800,26.8
11/20/2019,2.68,2.68,2.47,2.53,2.429772,247300,2.71,2.74,2.58,2.7,2.593037,247300,2.82,2.88,2.71,2.73,2.621849,159600,2.87,2.88,2.79,2.83,2.717887,152300,2.81,2.9,2.8,2.86,2.746699,151900,25.5
11/21/2019,2.55,2.6,2.48,2.53,2.429772,304000,2.68,2.68,2.47,2.53,2.429772,304000,2.71,2.74,2.58,2.7,2.593037,247300,2.82,2.88,2.71,2.73,2.621849,159600,2.87,2.88,2.79,2.83,2.717887,152300,25.4
11/22/2019,2.54,2.69,2.54,2.68,2.57383,165000,2.55,2.6,2.48,2.53,2.429772,165000,2.68,2.68,2.47,2.53,2.429772,304000,2.71,2.74,2.58,2.7,2.593037,247300,2.82,2.88,2.71,2.73,2.621849,159600,27.2
11/25/2019,2.72,2.84,2.61,2.75,2.641056,196500,2.54,2.69,2.54,2.68,2.57383,196500,2.55,2.6,2.48,2.53,2.429772,165000,2.68,2.68,2.47,2.53,2.429772,304000,2.71,2.74,2.58,2.7,2.593037,247300,27.8
11/26/2019,2.78,2.84,2.69,2.78,2.669868,245800,2.72,2.84,2.61,2.75,2.641056,245800,2.54,2.69,2.54,2.68,2.57383,196500,2.55,2.6,2.48,2.53,2.429772,165000,2.68,2.68,2.47,2.53,2.429772,304000,27.6
11/27/2019,2.76,2.77,2.65,2.69,2.630749,323300,2.78,2.84,2.69,2.78,2.669868,323300,2.72,2.84,2.61,2.75,2.641056,245800,2.54,2.69,2.54,2.68,2.57383,196500,2.55,2.6,2.48,2.53,2.429772,165000,26.9
11/29/2019,2.69,2.73,2.66,2.7,2.640529,143700,2.76,2.77,2.65,2.69,2.630749,143700,2.78,2.84,2.69,2.78,2.669868,323300,2.72,2.84,2.61,2.75,2.641056,245800,2.54,2.69,2.54,2.68,2.57383,196500,27.2
12/2/2019,2.72,2.74,2.54,2.58,2.523172,77700,2.69,2.73,2.66,2.7,2.640529,77700,2.76,2.77,2.65,2.69,2.630749,143700,2.78,2.84,2.69,2.78,2.669868,323300,2.72,2.84,2.61,2.75,2.641056,245800,25.5
12/3/2019,2.55,2.61,2.51,2.55,2.493833,189500,2.72,2.74,2.54,2.58,2.523172,189500,2.69,2.73,2.66,2.7,2.640529,77700,2.76,2.77,2.65,2.69,2.630749,143700,2.78,2.84,2.69,2.78,2.669868,323300,25.7
12/4/2019,2.57,2.62,2.56,2.59,2.532952,96000,2.55,2.61,2.51,2.55,2.493833,96000,2.72,2.74,2.54,2.58,2.523172,189500,2.69,2.73,2.66,2.7,2.640529,77700,2.76,2.77,2.65,2.69,2.630749,143700,26
12/5/2019,2.6,2.62,2.57,2.61,2.552511,88100,2.57,2.62,2.56,2.59,2.532952,88100,2.55,2.61,2.51,2.55,2.493833,96000,2.72,2.74,2.54,2.58,2.523172,189500,2.69,2.73,2.66,2.7,2.640529,77700,26.4
12/6/2019,2.64,2.74,2.63,2.67,2.61119,110000,2.6,2.62,2.57,2.61,2.552511,110000,2.57,2.62,2.56,2.59,2.532952,88100,2.55,2.61,2.51,2.55,2.493833,96000,2.72,2.74,2.54,2.58,2.523172,189500,26.6
12/9/2019,2.66,2.83,2.66,2.81,2.748106,175700,2.64,2.74,2.63,2.67,2.61119,175700,2.6,2.62,2.57,2.61,2.552511,110000,2.57,2.62,2.56,2.59,2.532952,88100,2.55,2.61,2.51,2.55,2.493833,96000,28.5
12/10/2019,2.85,3.09,2.84,3.08,3.012159,232800,2.66,2.83,2.66,2.81,2.748106,232800,2.64,2.74,2.63,2.67,2.61119,175700,2.6,2.62,2.57,2.61,2.552511,110000,2.57,2.62,2.56,2.59,2.532952,88100,30.7
12/11/2019,3.07,3.12,2.97,3,2.933921,437500,2.85,3.09,2.84,3.08,3.012159,437500,2.66,2.83,2.66,2.81,2.748106,232800,2.64,2.74,2.63,2.67,2.61119,175700,2.6,2.62,2.57,2.61,2.552511,110000,30
12/12/2019,3,3.04,2.9,2.93,2.865463,172100,3.07,3.12,2.97,3,2.933921,172100,2.85,3.09,2.84,3.08,3.012159,437500,2.66,2.83,2.66,2.81,2.748106,232800,2.64,2.74,2.63,2.67,2.61119,175700,29.4
12/13/2019,2.94,2.94,2.86,2.88,2.816564,112400,3,3.04,2.9,2.93,2.865463,112400,3.07,3.12,2.97,3,2.933921,172100,2.85,3.09,2.84,3.08,3.012159,437500,2.66,2.83,2.66,2.81,2.748106,232800,29
12/16/2019,2.9,2.92,2.85,2.85,2.787225,166100,2.94,2.94,2.86,2.88,2.816564,166100,3,3.04,2.9,2.93,2.865463,112400,3.07,3.12,2.97,3,2.933921,172100,2.85,3.09,2.84,3.08,3.012159,437500,28.4
12/17/2019,2.84,2.89,2.8,2.8,2.738326,211600,2.9,2.92,2.85,2.85,2.787225,211600,2.94,2.94,2.86,2.88,2.816564,166100,3,3.04,2.9,2.93,2.865463,112400,3.07,3.12,2.97,3,2.933921,172100,28
12/18/2019,2.8,2.9,2.75,2.87,2.806784,105000,2.84,2.89,2.8,2.8,2.738326,105000,2.9,2.92,2.85,2.85,2.787225,211600,2.94,2.94,2.86,2.88,2.816564,166100,3,3.04,2.9,2.93,2.865463,112400,28.8
12/19/2019,2.88,3,2.86,2.96,2.894802,156600,2.8,2.9,2.75,2.87,2.806784,156600,2.84,2.89,2.8,2.8,2.738326,105000,2.9,2.92,2.85,2.85,2.787225,211600,2.94,2.94,2.86,2.88,2.816564,166100,29.6
12/20/2019,2.96,2.98,2.87,2.98,2.914361,157800,2.88,3,2.86,2.96,2.894802,157800,2.8,2.9,2.75,2.87,2.806784,156600,2.84,2.89,2.8,2.8,2.738326,105000,2.9,2.92,2.85,2.85,2.787225,211600,29.5
12/23/2019,2.95,3,2.9,3,2.933921,205800,2.96,2.98,2.87,2.98,2.914361,205800,2.88,3,2.86,2.96,2.894802,157800,2.8,2.9,2.75,2.87,2.806784,156600,2.84,2.89,2.8,2.8,2.738326,105000,29.9
12/24/2019,2.99,3.05,2.95,3,2.933921,111000,2.95,3,2.9,3,2.933921,111000,2.96,2.98,2.87,2.98,2.914361,205800,2.88,3,2.86,2.96,2.894802,157800,2.8,2.9,2.75,2.87,2.806784,156600,30.3
12/26/2019,3.03,3.05,2.96,3.01,2.943701,134600,2.99,3.05,2.95,3,2.933921,134600,2.95,3,2.9,3,2.933921,111000,2.96,2.98,2.87,2.98,2.914361,205800,2.88,3,2.86,2.96,2.894802,157800,30.1
12/27/2019,3.01,3.03,2.94,3.02,2.95348,119700,3.03,3.05,2.96,3.01,2.943701,119700,2.99,3.05,2.95,3,2.933921,134600,2.95,3,2.9,3,2.933921,111000,2.96,2.98,2.87,2.98,2.914361,205800,30.1
12/30/2019,3.01,3.03,2.92,2.97,2.904582,136400,3.01,3.03,2.94,3.02,2.95348,136400,3.03,3.05,2.96,3.01,2.943701,119700,2.99,3.05,2.95,3,2.933921,134600,2.95,3,2.9,3,2.933921,111000,29.4
12/31/2019,2.94,3.1,2.93,3,2.933921,138400,3.01,3.03,2.92,2.97,2.904582,138400,3.01,3.03,2.94,3.02,2.95348,136400,3.03,3.05,2.96,3.01,2.943701,119700,2.99,3.05,2.95,3,2.933921,134600,30.2
1/2/2020,3.02,3.06,2.94,3.03,2.96326,283600,2.94,3.1,2.93,3,2.933921,283600,3.01,3.03,2.92,2.97,2.904582,138400,3.01,3.03,2.94,3.02,2.95348,136400,3.03,3.05,2.96,3.01,2.943701,119700,30
1/3/2020,3,3.07,2.95,3.03,2.96326,105200,3.02,3.06,2.94,3.03,2.96326,105200,2.94,3.1,2.93,3,2.933921,283600,3.01,3.03,2.92,2.97,2.904582,138400,3.01,3.03,2.94,3.02,2.95348,136400,30
1/6/2020,3,3.24,3,3.23,3.158855,100100,3,3.07,2.95,3.03,2.96326,100100,3.02,3.06,2.94,3.03,2.96326,105200,2.94,3.1,2.93,3,2.933921,283600,3.01,3.03,2.92,2.97,2.904582,138400,32.1
1/7/2020,3.21,3.23,3.08,3.14,3.070837,172000,3,3.24,3,3.23,3.158855,172000,3,3.07,2.95,3.03,2.96326,100100,3.02,3.06,2.94,3.03,2.96326,105200,2.94,3.1,2.93,3,2.933921,283600,31.4
1/8/2020,3.14,3.33,3.14,3.18,3.109956,115600,3.21,3.23,3.08,3.14,3.070837,115600,3,3.24,3,3.23,3.158855,172000,3,3.07,2.95,3.03,2.96326,100100,3.02,3.06,2.94,3.03,2.96326,105200,32
1/9/2020,3.2,3.21,3.14,3.16,3.090397,112700,3.14,3.33,3.14,3.18,3.109956,112700,3.21,3.23,3.08,3.14,3.070837,115600,3,3.24,3,3.23,3.158855,172000,3,3.07,2.95,3.03,2.96326,100100,31.7
1/10/2020,3.17,3.2,3.05,3.12,3.051277,115600,3.2,3.21,3.14,3.16,3.090397,115600,3.14,3.33,3.14,3.18,3.109956,112700,3.21,3.23,3.08,3.14,3.070837,115600,3,3.24,3,3.23,3.158855,172000,31.2
1/13/2020,3.12,3.16,3.06,3.1,3.031718,192100,3.17,3.2,3.05,3.12,3.051277,192100,3.2,3.21,3.14,3.16,3.090397,115600,3.14,3.33,3.14,3.18,3.109956,112700,3.21,3.23,3.08,3.14,3.070837,115600,38.2
1/14/2020,3.82,4.14,3.41,4.06,3.970573,193400,3.12,3.16,3.06,3.1,3.031718,193400,3.17,3.2,3.05,3.12,3.051277,192100,3.2,3.21,3.14,3.16,3.090397,115600,3.14,3.33,3.14,3.18,3.109956,112700,39.5
1/15/2020,3.95,4.05,3.77,3.93,3.843436,1382700,3.82,4.14,3.41,4.06,3.970573,1382700,3.12,3.16,3.06,3.1,3.031718,193400,3.17,3.2,3.05,3.12,3.051277,192100,3.2,3.21,3.14,3.16,3.090397,115600,39.2
1/16/2020,3.92,4.02,3.85,3.97,3.882555,395000,3.95,4.05,3.77,3.93,3.843436,395000,3.82,4.14,3.41,4.06,3.970573,1382700,3.12,3.16,3.06,3.1,3.031718,193400,3.17,3.2,3.05,3.12,3.051277,192100,40.3
1/17/2020,4.03,4.07,3.87,3.9,3.814097,210500,3.92,4.02,3.85,3.97,3.882555,210500,3.95,4.05,3.77,3.93,3.843436,395000,3.82,4.14,3.41,4.06,3.970573,1382700,3.12,3.16,3.06,3.1,3.031718,193400,38.5
1/21/2020,3.85,3.92,3.85,3.89,3.804317,209900,4.03,4.07,3.87,3.9,3.814097,209900,3.92,4.02,3.85,3.97,3.882555,210500,3.95,4.05,3.77,3.93,3.843436,395000,3.82,4.14,3.41,4.06,3.970573,1382700,38.8
1/22/2020,3.88,3.89,3.75,3.86,3.774978,253800,3.85,3.92,3.85,3.89,3.804317,253800,4.03,4.07,3.87,3.9,3.814097,209900,3.92,4.02,3.85,3.97,3.882555,210500,3.95,4.05,3.77,3.93,3.843436,395000,38.5
1/23/2020,3.85,3.88,3.78,3.84,3.755419,136800,3.88,3.89,3.75,3.86,3.774978,136800,3.85,3.92,3.85,3.89,3.804317,253800,4.03,4.07,3.87,3.9,3.814097,209900,3.92,4.02,3.85,3.97,3.882555,210500,38.6
1/24/2020,3.86,3.88,3.78,3.85,3.765198,132800,3.85,3.88,3.78,3.84,3.755419,132800,3.88,3.89,3.75,3.86,3.774978,136800,3.85,3.92,3.85,3.89,3.804317,253800,4.03,4.07,3.87,3.9,3.814097,209900,38
1/27/2020,3.8,3.97,3.76,3.9,3.814097,135300,3.86,3.88,3.78,3.85,3.765198,135300,3.85,3.88,3.78,3.84,3.755419,132800,3.88,3.89,3.75,3.86,3.774978,136800,3.85,3.92,3.85,3.89,3.804317,253800,39.1
1/28/2020,3.91,3.94,3.83,3.91,3.823877,189100,3.8,3.97,3.76,3.9,3.814097,189100,3.86,3.88,3.78,3.85,3.765198,135300,3.85,3.88,3.78,3.84,3.755419,132800,3.88,3.89,3.75,3.86,3.774978,136800,39.2
1/29/2020,3.92,3.98,3.89,3.95,3.862996,134000,3.91,3.94,3.83,3.91,3.823877,134000,3.8,3.97,3.76,3.9,3.814097,189100,3.86,3.88,3.78,3.85,3.765198,135300,3.85,3.88,3.78,3.84,3.755419,132800,39
1/30/2020,3.9,4.03,3.9,4.03,3.941234,74000,3.92,3.98,3.89,3.95,3.862996,74000,3.91,3.94,3.83,3.91,3.823877,134000,3.8,3.97,3.76,3.9,3.814097,189100,3.86,3.88,3.78,3.85,3.765198,135300,39.8
1/31/2020,3.98,4.03,3.66,3.73,3.647841,151100,3.9,4.03,3.9,4.03,3.941234,151100,3.92,3.98,3.89,3.95,3.862996,74000,3.91,3.94,3.83,3.91,3.823877,134000,3.8,3.97,3.76,3.9,3.814097,189100,37.8
2/3/2020,3.78,3.83,3.76,3.77,3.68696,235200,3.98,4.03,3.66,3.73,3.647841,235200,3.9,4.03,3.9,4.03,3.941234,151100,3.92,3.98,3.89,3.95,3.862996,74000,3.91,3.94,3.83,3.91,3.823877,134000,38.3
2/4/2020,3.83,3.83,3.75,3.77,3.68696,175300,3.78,3.83,3.76,3.77,3.68696,175300,3.98,4.03,3.66,3.73,3.647841,235200,3.9,4.03,3.9,4.03,3.941234,151100,3.92,3.98,3.89,3.95,3.862996,74000,38
2/5/2020,3.8,3.82,3.76,3.77,3.68696,116200,3.83,3.83,3.75,3.77,3.68696,116200,3.78,3.83,3.76,3.77,3.68696,175300,3.98,4.03,3.66,3.73,3.647841,235200,3.9,4.03,3.9,4.03,3.941234,151100,37.6
2/6/2020,3.76,3.83,3.52,3.56,3.481586,55700,3.8,3.82,3.76,3.77,3.68696,55700,3.83,3.83,3.75,3.77,3.68696,116200,3.78,3.83,3.76,3.77,3.68696,175300,3.98,4.03,3.66,3.73,3.647841,235200,35.7
2/7/2020,3.57,3.59,3.36,3.42,3.34467,226900,3.76,3.83,3.52,3.56,3.481586,226900,3.8,3.82,3.76,3.77,3.68696,55700,3.83,3.83,3.75,3.77,3.68696,116200,3.78,3.83,3.76,3.77,3.68696,175300,34.1
2/10/2020,3.41,3.42,3.38,3.4,3.32511,143600,3.57,3.59,3.36,3.42,3.34467,143600,3.76,3.83,3.52,3.56,3.481586,226900,3.8,3.82,3.76,3.77,3.68696,55700,3.83,3.83,3.75,3.77,3.68696,116200,34
2/11/2020,3.4,3.4,3.35,3.38,3.305551,98900,3.41,3.42,3.38,3.4,3.32511,98900,3.57,3.59,3.36,3.42,3.34467,143600,3.76,3.83,3.52,3.56,3.481586,226900,3.8,3.82,3.76,3.77,3.68696,55700,33.6
2/12/2020,3.36,3.38,3.29,3.35,3.276212,176600,3.4,3.4,3.35,3.38,3.305551,176600,3.41,3.42,3.38,3.4,3.32511,98900,3.57,3.59,3.36,3.42,3.34467,143600,3.76,3.83,3.52,3.56,3.481586,226900,33.5
2/13/2020,3.35,3.41,3.34,3.37,3.295771,189900,3.36,3.38,3.29,3.35,3.276212,189900,3.4,3.4,3.35,3.38,3.305551,176600,3.41,3.42,3.38,3.4,3.32511,98900,3.57,3.59,3.36,3.42,3.34467,143600,33.7
2/14/2020,3.37,3.56,3.37,3.54,3.462026,134100,3.35,3.41,3.34,3.37,3.295771,134100,3.36,3.38,3.29,3.35,3.276212,189900,3.4,3.4,3.35,3.38,3.305551,176600,3.41,3.42,3.38,3.4,3.32511,98900,35.9
2/18/2020,3.59,3.61,3.52,3.54,3.462026,125900,3.37,3.56,3.37,3.54,3.462026,125900,3.35,3.41,3.34,3.37,3.295771,134100,3.36,3.38,3.29,3.35,3.276212,189900,3.4,3.4,3.35,3.38,3.305551,176600,35.7
2/19/2020,3.57,3.6,3.54,3.56,3.481586,232900,3.59,3.61,3.52,3.54,3.462026,232900,3.37,3.56,3.37,3.54,3.462026,125900,3.35,3.41,3.34,3.37,3.295771,134100,3.36,3.38,3.29,3.35,3.276212,189900,35.6
2/20/2020,3.56,3.72,3.55,3.63,3.550044,146700,3.57,3.6,3.54,3.56,3.481586,146700,3.59,3.61,3.52,3.54,3.462026,232900,3.37,3.56,3.37,3.54,3.462026,125900,3.35,3.41,3.34,3.37,3.295771,134100,36.4
2/21/2020,3.64,3.64,3.54,3.57,3.491366,138800,3.56,3.72,3.55,3.63,3.550044,138800,3.57,3.6,3.54,3.56,3.481586,146700,3.59,3.61,3.52,3.54,3.462026,232900,3.37,3.56,3.37,3.54,3.462026,125900,35.1
2/24/2020,3.51,3.51,3.24,3.27,3.197973,164600,3.64,3.64,3.54,3.57,3.491366,164600,3.56,3.72,3.55,3.63,3.550044,138800,3.57,3.6,3.54,3.56,3.481586,146700,3.59,3.61,3.52,3.54,3.462026,232900,33
2/25/2020,3.3,3.35,2.93,2.94,2.875242,370300,3.51,3.51,3.24,3.27,3.197973,370300,3.64,3.64,3.54,3.57,3.491366,164600,3.56,3.72,3.55,3.63,3.550044,138800,3.57,3.6,3.54,3.56,3.481586,146700,25.7
2/26/2020,2.57,2.7,2.26,2.33,2.278678,562600,3.3,3.35,2.93,2.94,2.875242,562600,3.51,3.51,3.24,3.27,3.197973,370300,3.64,3.64,3.54,3.57,3.491366,164600,3.56,3.72,3.55,3.63,3.550044,138800,22.6
2/27/2020,2.26,2.35,2.21,2.27,2.22,787000,2.57,2.7,2.26,2.33,2.278678,787000,3.3,3.35,2.93,2.94,2.875242,562600,3.51,3.51,3.24,3.27,3.197973,370300,3.64,3.64,3.54,3.57,3.491366,164600,21.8
2/28/2020,2.18,2.26,2.08,2.23,2.180881,212900,2.26,2.35,2.21,2.27,2.22,212900,2.57,2.7,2.26,2.33,2.278678,787000,3.3,3.35,2.93,2.94,2.875242,562600,3.51,3.51,3.24,3.27,3.197973,370300,22.1
3/2/2020,2.21,2.31,2.13,2.3,2.249339,324400,2.18,2.26,2.08,2.23,2.180881,324400,2.26,2.35,2.21,2.27,2.22,212900,2.57,2.7,2.26,2.33,2.278678,787000,3.3,3.35,2.93,2.94,2.875242,562600,23
3/3/2020,2.3,2.33,2.13,2.2,2.151542,143700,2.21,2.31,2.13,2.3,2.249339,143700,2.18,2.26,2.08,2.23,2.180881,324400,2.26,2.35,2.21,2.27,2.22,212900,2.57,2.7,2.26,2.33,2.278678,787000,22.1
3/4/2020,2.21,2.32,2.17,2.27,2.22,287000,2.3,2.33,2.13,2.2,2.151542,287000,2.21,2.31,2.13,2.3,2.249339,143700,2.18,2.26,2.08,2.23,2.180881,324400,2.26,2.35,2.21,2.27,2.22,212900,22.1
3/5/2020,2.21,2.28,2.2,2.25,2.25,138900,2.21,2.32,2.17,2.27,2.22,138900,2.3,2.33,2.13,2.2,2.151542,287000,2.21,2.31,2.13,2.3,2.249339,143700,2.18,2.26,2.08,2.23,2.180881,324400,22.3
3/6/2020,2.23,2.26,2.13,2.24,2.24,172500,2.21,2.28,2.2,2.25,2.25,172500,2.21,2.32,2.17,2.27,2.22,138900,2.3,2.33,2.13,2.2,2.151542,287000,2.21,2.31,2.13,2.3,2.249339,143700,21
3/9/2020,2.1,2.11,1.87,1.92,1.92,145100,2.23,2.26,2.13,2.24,2.24,145100,2.21,2.28,2.2,2.25,2.25,172500,2.21,2.32,2.17,2.27,2.22,138900,2.3,2.33,2.13,2.2,2.151542,287000,20.1
3/10/2020,2.01,2.04,1.9,1.92,1.92,348200,2.1,2.11,1.87,1.92,1.92,348200,2.23,2.26,2.13,2.24,2.24,145100,2.21,2.28,2.2,2.25,2.25,172500,2.21,2.32,2.17,2.27,2.22,138900,19
3/11/2020,1.9,1.96,1.7,1.71,1.71,259100,2.01,2.04,1.9,1.92,1.92,259100,2.1,2.11,1.87,1.92,1.92,348200,2.23,2.26,2.13,2.24,2.24,145100,2.21,2.28,2.2,2.25,2.25,172500,16.4
3/12/2020,1.64,1.64,1.36,1.38,1.38,281400,1.9,1.96,1.7,1.71,1.71,281400,2.01,2.04,1.9,1.92,1.92,259100,2.1,2.11,1.87,1.92,1.92,348200,2.23,2.26,2.13,2.24,2.24,145100,15.2
3/13/2020,1.52,1.59,1.4,1.5,1.5,449100,1.64,1.64,1.36,1.38,1.38,449100,1.9,1.96,1.7,1.71,1.71,281400,2.01,2.04,1.9,1.92,1.92,259100,2.1,2.11,1.87,1.92,1.92,348200,14
3/16/2020,1.4,1.42,1.23,1.27,1.27,369400,1.52,1.59,1.4,1.5,1.5,369400,1.64,1.64,1.36,1.38,1.38,449100,1.9,1.96,1.7,1.71,1.71,281400,2.01,2.04,1.9,1.92,1.92,259100,13
3/17/2020,1.3,1.42,1.2,1.25,1.25,368200,1.4,1.42,1.23,1.27,1.27,368200,1.52,1.59,1.4,1.5,1.5,369400,1.64,1.64,1.36,1.38,1.38,449100,1.9,1.96,1.7,1.71,1.71,281400,12
3/18/2020,1.2,1.28,0.94,0.97,0.97,808100,1.3,1.42,1.2,1.25,1.25,808100,1.4,1.42,1.23,1.27,1.27,368200,1.52,1.59,1.4,1.5,1.5,369400,1.64,1.64,1.36,1.38,1.38,449100,10
3/19/2020,1,1.08,0.97,1.01,1.01,426200,1.2,1.28,0.94,0.97,0.97,426200,1.3,1.42,1.2,1.25,1.25,808100,1.4,1.42,1.23,1.27,1.27,368200,1.52,1.59,1.4,1.5,1.5,369400,10.7
3/20/2020,1.07,1.22,0.85,0.89,0.89,607800,1,1.08,0.97,1.01,1.01,607800,1.2,1.28,0.94,0.97,0.97,426200,1.3,1.42,1.2,1.25,1.25,808100,1.4,1.42,1.23,1.27,1.27,368200,9.6
3/23/2020,0.96,1.12,0.9,1.01,1.01,3638100,1.07,1.22,0.85,0.89,0.89,3638100,1,1.08,0.97,1.01,1.01,607800,1.2,1.28,0.94,0.97,0.97,426200,1.3,1.42,1.2,1.25,1.25,808100,10.6
3/24/2020,1.06,1.22,1.03,1.22,1.22,454100,0.96,1.12,0.9,1.01,1.01,454100,1.07,1.22,0.85,0.89,0.89,3638100,1,1.08,0.97,1.01,1.01,607800,1.2,1.28,0.94,0.97,0.97,426200,12.6
3/25/2020,1.26,1.4,1.15,1.17,1.17,600600,1.06,1.22,1.03,1.22,1.22,600600,0.96,1.12,0.9,1.01,1.01,454100,1.07,1.22,0.85,0.89,0.89,3638100,1,1.08,0.97,1.01,1.01,607800,11.9
3/26/2020,1.19,1.29,1.18,1.25,1.25,638500,1.26,1.4,1.15,1.17,1.17,638500,1.06,1.22,1.03,1.22,1.22,600600,0.96,1.12,0.9,1.01,1.01,454100,1.07,1.22,0.85,0.89,0.89,3638100,12.8
3/27/2020,1.28,1.28,1.1,1.21,1.21,372200,1.19,1.29,1.18,1.25,1.25,372200,1.26,1.4,1.15,1.17,1.17,638500,1.06,1.22,1.03,1.22,1.22,600600,0.96,1.12,0.9,1.01,1.01,454100,12
3/30/2020,1.2,1.2,1.05,1.05,1.05,351000,1.28,1.28,1.1,1.21,1.21,351000,1.19,1.29,1.18,1.25,1.25,372200,1.26,1.4,1.15,1.17,1.17,638500,1.06,1.22,1.03,1.22,1.22,600600,10.7
3/31/2020,1.07,1.1,1.06,1.07,1.07,270200,1.2,1.2,1.05,1.05,1.05,270200,1.28,1.28,1.1,1.21,1.21,351000,1.19,1.29,1.18,1.25,1.25,372200,1.26,1.4,1.15,1.17,1.17,638500,10.5
4/1/2020,1.05,1.07,0.97,0.98,0.98,212100,1.07,1.1,1.06,1.07,1.07,212100,1.2,1.2,1.05,1.05,1.05,270200,1.28,1.28,1.1,1.21,1.21,351000,1.19,1.29,1.18,1.25,1.25,372200,9.8
4/2/2020,0.98,1,0.67,0.72,0.72,266100,1.05,1.07,0.97,0.98,0.98,266100,1.07,1.1,1.06,1.07,1.07,212100,1.2,1.2,1.05,1.05,1.05,270200,1.28,1.28,1.1,1.21,1.21,351000,7.5
4/3/2020,0.75,0.79,0.65,0.71,0.71,2253800,0.98,1,0.67,0.72,0.72,2253800,1.05,1.07,0.97,0.98,0.98,266100,1.07,1.1,1.06,1.07,1.07,212100,1.2,1.2,1.05,1.05,1.05,270200,7.6
4/6/2020,0.76,0.85,0.74,0.83,0.83,820900,0.75,0.79,0.65,0.71,0.71,820900,0.98,1,0.67,0.72,0.72,2253800,1.05,1.07,0.97,0.98,0.98,266100,1.07,1.1,1.06,1.07,1.07,212100,9
4/7/2020,0.9,0.94,0.79,0.84,0.84,563300,0.76,0.85,0.74,0.83,0.83,563300,0.75,0.79,0.65,0.71,0.71,820900,0.98,1,0.67,0.72,0.72,2253800,1.05,1.07,0.97,0.98,0.98,266100,8.8
4/8/2020,0.88,0.95,0.82,0.95,0.95,642900,0.9,0.94,0.79,0.84,0.84,642900,0.76,0.85,0.74,0.83,0.83,563300,0.75,0.79,0.65,0.71,0.71,820900,0.98,1,0.67,0.72,0.72,2253800,9.9
4/9/2020,0.99,1.07,0.95,0.97,0.97,297700,0.88,0.95,0.82,0.95,0.95,297700,0.9,0.94,0.79,0.84,0.84,642900,0.76,0.85,0.74,0.83,0.83,563300,0.75,0.79,0.65,0.71,0.71,820900,10
4/13/2020,1,1.03,0.9,0.96,0.96,524000,0.99,1.07,0.95,0.97,0.97,524000,0.88,0.95,0.82,0.95,0.95,297700,0.9,0.94,0.79,0.84,0.84,642900,0.76,0.85,0.74,0.83,0.83,563300,9.9
4/14/2020,0.99,1.02,0.95,1.01,1.01,307500,1,1.03,0.9,0.96,0.96,307500,0.99,1.07,0.95,0.97,0.97,524000,0.88,0.95,0.82,0.95,0.95,297700,0.9,0.94,0.79,0.84,0.84,642900,10.6
4/15/2020,1.06,1.08,0.91,0.97,0.97,415900,0.99,1.02,0.95,1.01,1.01,415900,1,1.03,0.9,0.96,0.96,307500,0.99,1.07,0.95,0.97,0.97,524000,0.88,0.95,0.82,0.95,0.95,297700,9.9
4/16/2020,0.99,1,0.88,0.89,0.89,274700,1.06,1.08,0.91,0.97,0.97,274700,0.99,1.02,0.95,1.01,1.01,415900,1,1.03,0.9,0.96,0.96,307500,0.99,1.07,0.95,0.97,0.97,524000,9.8
4/17/2020,0.98,1.02,0.86,0.93,0.93,313600,0.99,1,0.88,0.89,0.89,313600,1.06,1.08,0.91,0.97,0.97,274700,0.99,1.02,0.95,1.01,1.01,415900,1,1.03,0.9,0.96,0.96,307500,9.7
4/20/2020,0.97,1.02,0.93,0.98,0.98,702900,0.98,1.02,0.86,0.93,0.93,702900,0.99,1,0.88,0.89,0.89,313600,1.06,1.08,0.91,0.97,0.97,274700,0.99,1.02,0.95,1.01,1.01,415900,0
,,,,,,,,,,,,,,,,,,,,,,,,,,,,,,,
